"","dta_inc_pedido","pk_pedido","fk_produto_unificado","qtd_itens","total","desc_cidade","uf_estado"
"1","2021-03-22",8825479,435719,20,15.4,"SAO PAULO","SP"
"2","2021-03-24",8834353,435713,5,4.4,"CURITIBA","PR"
"3","2021-03-25",8844526,435716,11,9.02,"CURITIBA","PR"
"4","2021-03-27",8851756,435695,5,8.8,"MONTE VERDE","MG"
"5","2021-03-27",8851756,435695,5,8.8,"MONTE VERDE","MG"
"6","2021-03-27",8851756,435713,5,4.4,"MONTE VERDE","MG"
"7","2021-03-27",8851756,435713,5,4.4,"MONTE VERDE","MG"
"8","2021-03-28",8852749,435713,5,4.4,"MONTE VERDE","MG"
"9","2021-03-28",8852749,435713,5,4.4,"MONTE VERDE","MG"
"10","2021-03-28",8852749,435713,5,4.4,"MONTE VERDE","MG"
"11","2021-03-29",8857033,435716,10,8.2,"SAO JOSE DOS PINHAIS","PR"
"12","2021-03-30",8862097,435722,30,21.3,"CURITIBA","PR"
"13","2021-04-05",8880031,435713,8,7.04,"CANOAS","RS"
"14","2021-04-05",8884588,435719,20,15.4,"LUCAS DO RIO VERDE","MT"
"15","2021-04-06",8889445,435713,9,7.92,"SAO JOSE DOS PINHAIS","PR"
"16","2021-04-08",8899258,435713,5,4.4,"COLOMBO","PR"
"17","2021-04-14",8936263,435713,5,4.4,"BELEM","PA"
"18","2021-04-22",8972932,435719,20,15.4,"PORTO BELO","SC"
"19","2021-04-22",8973307,435716,14,10.92,"COLOMBO","PR"
"20","2021-04-27",8997922,435713,5,4.4,"ARACATUBA","SP"
"21","2021-04-28",9007123,435695,6,10.56,"SAO JOSE DOS PINHAIS","PR"
"22","2021-04-28",9007414,435728,169,92.95,"NOVA IGUACU","RJ"
"23","2021-04-30",9019408,435716,10,8.2,"SAO PAULO","SP"
"24","2021-05-03",9033361,435719,24,18.48,"BARRA VELHA","SC"
"25","2021-05-04",9040069,435695,8,14.08,"SAO JOSE DOS PINHAIS","PR"
"26","2021-05-05",9045592,435719,18,13.86,"CURITIBA","PR"
"27","2021-05-05",9050860,435695,5,8.8,"CAMPINAS","SP"
"28","2021-05-06",9054130,435725,100,66,"JUNDIAI","SP"
"29","2021-05-06",9055216,435719,23,17.71,"LONDRINA","PR"
"30","2021-05-12",9082621,435695,5,8.8,"SAO PAULO","SP"
"31","2021-05-12",9082891,435719,20,15.4,"PORTO ALEGRE","RS"
"32","2021-05-12",9088087,435722,35,24.85,"BAURU","SP"
"33","2021-05-12",9089107,435713,6,5.28,"SOROCABA","SP"
"34","2021-05-13",9093520,435728,199,103.48,"CAXIAS DO SUL","RS"
"35","2021-05-13",9093520,435725,100,63,"CAXIAS DO SUL","RS"
"36","2021-05-13",9093559,435722,46,32.66,"ARACATUBA","SP"
"37","2021-05-17",9112273,435719,23,16.79,"CIANORTE","PR"
"38","2021-05-18",9118462,435698,11,18.15,"CAMPOS DOS GOYTACAZES","RJ"
"39","2021-05-18",9120370,435713,5,4.4,"SAO PAULO","SP"
"40","2021-05-18",9121657,435722,56,39.76,"BAURU","SP"
"41","2021-05-19",9130213,435722,30,12.9,"CAMPINAS","SP"
"42","2021-05-19",9130213,435722,30,12.9,"CAMPINAS","SP"
"43","2021-05-19",9130213,435722,33,14.19,"CAMPINAS","SP"
"44","2021-05-25",9161506,435716,14,11.48,"SAO PAULO","SP"
"45","2021-05-26",9168856,435722,30,21.3,"SAO JOSE DOS PINHAIS","PR"
"46","2021-05-27",9178822,435716,11,9.02,"BAURU","SP"
"47","2021-05-28",9187750,435704,60,81.6,"ANANINDEUA","PA"
"48","2021-05-29",9189331,435719,21,10.5,"GUARULHOS","SP"
"49","2021-06-01",9206359,435713,5,4.4,"ITU","SP"
"50","2021-06-05",9223549,435716,10,8.2,"São João de Meriti","RJ"
"51","2021-06-05",9223549,435716,10,8.2,"São João de Meriti","RJ"
"52","2021-06-05",9223636,435719,15,10.35,"FAZENDA RIO GRANDE","PR"
"53","2021-06-05",9223684,435713,5,4.4,"SAO PAULO","SP"
"54","2021-06-08",9236620,435713,6,5.28,"CAMPINAS","SP"
"55","2021-06-08",9240631,435716,10,7.4,"FAZENDA RIO GRANDE","PR"
"56","2021-06-09",9244666,435713,5,4.4,"SAO PAULO","SP"
"57","2021-06-16",9289948,435713,5,4.4,"PINHAIS","PR"
"58","2021-06-17",9298498,435719,23,17.71,"SAO PAULO","SP"
"59","2021-06-18",9306583,435695,5,8.8,"SAO JOSE DOS PINHAIS","PR"
"60","2021-06-18",9306592,435713,5,4.4,"SAO JOSE DOS PINHAIS","PR"
"61","2021-06-22",9319690,435713,5,4.4,"SAO JOSE DOS PINHAIS","PR"
"62","2021-06-22",9324892,435722,40,28.4,"BAURU","SP"
"63","2021-06-24",9336967,435716,10,8.2,"DIADEMA","SP"
"64","2021-06-29",9361030,435701,15,21.9,"SANTO AMARO DA IMPERATRIZ","SC"
"65","2021-06-29",9364675,435713,5,4.4,"MARINGA","PR"
"66","2021-06-30",9372829,435722,60,42.6,"BARAUNA","RN"
"67","2021-07-01",9376729,435716,12,9.84,"RIO DE JANEIRO","RJ"
"68","2021-07-02",9383152,435716,12,9.84,"SAO PAULO","SP"
"69","2021-07-02",9384058,435719,17,13.09,"SAO VICENTE","SP"
"70","2021-07-04",9388315,435713,5,4.4,"BALNEARIO PICARRAS","SC"
"71","2021-07-05",9392782,435722,69,48.99,"PARANAÍBA","MS"
"72","2021-07-07",9411262,435722,40,28.4,"SALVADOR","BA"
"73","2021-07-07",9413158,435713,5,4.4,"CURITIBA","PR"
"74","2021-07-12",9435343,435719,15,10.95,"PARNAMIRIM","RN"
"75","2021-07-16",9465907,435713,9,7.92,"FRAIBURGO","SC"
"76","2021-07-16",9468805,435722,56,39.76,"BAURU","SP"
"77","2021-07-21",9494896,435722,53,37.63,"DIADEMA","SP"
"78","2021-07-24",9513037,435722,32,22.72,"DIADEMA","SP"
"79","2021-07-26",9519685,435719,21,16.17,"CURITIBA","PR"
"80","2021-07-26",9521773,435698,13,20.41,"SAO JOSE DOS PINHAIS","PR"
"81","2021-07-27",9524884,435722,50,35.5,"JOINVILLE","SC"
"82","2021-07-28",9535201,435722,49,34.79,"SAO JOSE DOS PINHAIS","PR"
"83","2021-07-29",9545599,435722,50,35.5,"PICOS","PI"
"84","2021-07-29",9545599,435704,80,114.4,"PICOS","PI"
"85","2021-07-31",9553651,435716,12,9.84,"ITAPEVI","SP"
"86","2021-08-02",9556459,435719,20,15.4,"SAO JOSE DOS PINHAIS","PR"
"87","2021-08-02",9558574,435698,14,23.1,"REALEZA","PR"
"88","2021-08-02",9562081,435722,39,27.69,"SAO JOSE DOS PINHAIS","PR"
"89","2021-08-03",9569860,435722,35,24.85,"SAO JOSE DOS PINHAIS","PR"
"90","2021-08-04",9578053,435719,20,15.4,"BALNEARIO PICARRAS","SC"
"91","2021-08-05",9580897,435722,50,35.5,"MARITUBA","PA"
"92","2021-08-05",9581248,435701,15,23.1,"MARITUBA","PA"
"93","2021-08-05",9585592,435695,5,8.8,"SAO JOSE DOS PINHAIS","PR"
"94","2021-08-06",9591478,435716,10,7.8,"CRICIUMA","SC"
"95","2021-08-06",9592648,435713,6,5.28,"OSASCO","SP"
"96","2021-08-08",9594949,435719,15,10.35,"FAZENDA RIO GRANDE","PR"
"97","2021-08-09",9596671,435722,30,21.3,"OSASCO","SP"
"98","2021-08-09",9597268,435725,100,66,"FLORIANOPOLIS","SC"
"99","2021-08-10",9606934,435719,22,16.94,"RIO DE JANEIRO","RJ"
"100","2021-08-10",9606934,435719,22,16.94,"RIO DE JANEIRO","RJ"
"101","2021-08-10",9606934,435719,22,16.94,"RIO DE JANEIRO","RJ"
"102","2021-08-11",9613765,435701,22,33.88,"CAMBORIU","SC"
"103","2021-08-11",9614617,435695,5,8.8,"CAMPINAS","SP"
"104","2021-08-11",9620815,435719,24,18.48,"ARACATUBA","SP"
"105","2021-08-16",9641074,435713,6,5.28,"HORTOLANDIA","SP"
"106","2021-08-16",9642841,435713,5,4.4,"CAMPINAS","SP"
"107","2021-08-16",9644158,435716,10,8.2,"DIADEMA","SP"
"108","2021-08-16",9644158,435716,10,8.2,"DIADEMA","SP"
"109","2021-08-16",9644158,435716,10,8.2,"DIADEMA","SP"
"110","2021-08-16",9645259,435716,10,8.2,"BRUSQUE","SC"
"111","2021-08-16",9645259,435716,10,8.2,"BRUSQUE","SC"
"112","2021-08-16",9645259,435716,10,8.2,"BRUSQUE","SC"
"113","2021-08-16",9646018,435716,13,10.66,"ABATIA","PR"
"114","2021-08-17",9648460,435725,102,67.32,"OSASCO","SP"
"115","2021-08-18",9657136,435722,30,21.3,"OSASCO","SP"
"116","2021-08-18",9662482,435713,9,7.56,"CAMPO GRANDE","MS"
"117","2021-08-18",9665380,435704,42,57.12,"BELEM","PA"
"118","2021-08-19",9673453,435713,5,4.55,"PONTA GROSSA","PR"
"119","2021-08-20",9675550,435713,5,4.55,"CURITIBA","PR"
"120","2021-08-22",9682096,435716,10,8.4,"DIADEMA","SP"
"121","2021-08-22",9682096,435716,10,8.4,"DIADEMA","SP"
"122","2021-08-22",9682096,435716,10,8.4,"DIADEMA","SP"
"123","2021-08-23",9687529,435695,7,12.67,"CURITIBA","PR"
"124","2021-08-26",9715591,435719,29,22.91,"CURITIBA","PR"
"125","2021-08-27",9722512,435701,28,42.28,"CAXIAS DO SUL","RS"
"126","2021-08-31",9741430,435719,23,18.17,"SALVADOR","BA"
"127","2021-09-01",9744025,435713,8,6.88,"LAGUNA","SC"
"128","2021-09-01",9749440,435713,5,4.3,"CAXIAS DO SUL","RS"
"129","2021-09-01",9749440,435719,20,15,"CAXIAS DO SUL","RS"
"130","2021-09-01",9750856,435716,10,8.4,"DIADEMA","SP"
"131","2021-09-01",9750856,435716,10,8.4,"DIADEMA","SP"
"132","2021-09-01",9750856,435716,10,8.4,"DIADEMA","SP"
"133","2021-09-04",9766639,435716,10,8.4,"DIADEMA","SP"
"134","2021-09-04",9766639,435716,10,8.4,"DIADEMA","SP"
"135","2021-09-04",9766639,435716,10,8.4,"DIADEMA","SP"
"136","2021-09-08",9779197,435722,53,38.69,"DIADEMA","SP"
"137","2021-09-08",9780298,435719,25,19.75,"SAO PAULO","SP"
"138","2021-09-09",9782626,435716,11,9.24,"EUNÁPOLIS","BA"
"139","2021-09-09",9783481,435719,17,13.43,"SAO GONCALO","RJ"
"140","2021-09-09",9787261,435695,5,8.8,"GUARATUBA","PR"
"141","2021-09-09",9787957,435716,12,10.08,"LIMEIRA","SP"
"142","2021-09-10",9790798,435713,5,4.55,"JOINVILLE","SC"
"143","2021-09-10",9795127,435704,42,58.8,"BELEM","PA"
"144","2021-09-10",9795154,435713,5,4.55,"SAO JOSE DOS PINHAIS","PR"
"145","2021-09-11",9797863,435719,19,15.01,"AMPARO","SP"
"146","2021-09-13",9801463,435719,25,19.75,"JOINVILLE","SC"
"147","2021-09-15",9823957,435722,50,36.5,"MIRACEMA","RJ"
"148","2021-09-18",9840928,435716,10,8.4,"DIADEMA","SP"
"149","2021-09-18",9840928,435716,10,8.4,"DIADEMA","SP"
"150","2021-09-18",9840928,435716,11,9.24,"DIADEMA","SP"
"151","2021-09-20",9844000,435713,8,7.28,"JOINVILLE","SC"
"152","2021-09-21",9850441,435713,5,4.55,"JOINVILLE","SC"
"153","2021-09-24",9876157,435725,103,45.32,"CAMPINAS","SP"
"154","2021-09-27",9885937,435713,5,4.55,"JOINVILLE","SC"
"155","2021-09-27",9888112,435713,5,4.55,"JOINVILLE","SC"
"156","2021-09-29",9908872,435716,10,8.4,"CURITIBA","PR"
"157","2021-09-29",9910477,435713,6,5.46,"SAO PAULO","SP"
"158","2021-09-30",9918916,435719,26,20.54,"ITAPETININGA","SP"
"159","2021-10-04",9931546,435695,5,9.05,"SAO JOSE DOS PINHAIS","PR"
"160","2021-10-04",9933823,435707,109,148.24,"PICOS","PI"
"161","2021-10-07",9959929,435713,5,5.25,"SAO PAULO","SP"
"162","2021-10-09",9969118,435722,60,48,"CAXIAS DO SUL","RS"
"163","2021-10-11",9974350,435713,9,9.45,"SAO PAULO","SP"
"164","2021-10-12",9976975,435725,132,102.96,"OSASCO","SP"
"165","2021-10-13",9979369,435722,80,67.2,"SALVADOR","BA"
"166","2021-10-14",9989089,435704,36,60.84,"REALEZA","PR"
"167","2021-10-14",9993754,435716,10,9.7,"DIADEMA","SP"
"168","2021-10-14",9993754,435716,11,10.67,"DIADEMA","SP"
"169","2021-10-14",9993754,435716,11,10.67,"DIADEMA","SP"
"170","2021-10-14",9993754,435716,11,10.67,"DIADEMA","SP"
"171","2021-10-14",9993754,435716,11,10.67,"DIADEMA","SP"
"172","2021-10-14",9993754,435716,11,10.67,"DIADEMA","SP"
"173","2021-10-14",9993754,435716,11,10.67,"DIADEMA","SP"
"174","2021-10-14",9993754,435716,11,10.67,"DIADEMA","SP"
"175","2021-10-14",9993754,435716,11,10.67,"DIADEMA","SP"
"176","2021-10-14",9993754,435716,11,10.67,"DIADEMA","SP"
"177","2021-10-14",9993754,435716,11,10.67,"DIADEMA","SP"
"178","2021-10-14",9993754,435716,11,10.67,"DIADEMA","SP"
"179","2021-10-14",9993754,435716,11,10.67,"DIADEMA","SP"
"180","2021-10-14",9993754,435713,5,5.25,"DIADEMA","SP"
"181","2021-10-19",10017808,435713,5,5.25,"SAO PAULO","SP"
"182","2021-10-19",10018876,435722,38,30.4,"COLOMBO","PR"
"183","2021-10-21",10030168,435719,25,22.75,"AMPARO","SP"
"184","2021-10-24",10046992,435713,5,5.25,"SOROCABA","SP"
"185","2021-10-25",10050301,435695,6,12.48,"SAO JOSE DOS PINHAIS","PR"
"186","2021-10-25",10050337,435713,6,6.3,"CAMBORIU","SC"
"187","2021-10-25",10050499,435719,15,13.65,"PINHAIS","PR"
"188","2021-10-25",10052134,435716,12,11.64,"FRAIBURGO","SC"
"189","2021-10-25",10055440,435713,5,5.25,"SAO JOSE DOS PINHAIS","PR"
"190","2021-10-27",10066927,435698,13,24.18,"FLORIANOPOLIS","SC"
"191","2021-10-27",10073716,435713,6,6.3,"MONGAGUA","SP"
"192","2021-10-28",10074178,435713,5,4.95,"CAXIAS DO SUL","RS"
"193","2021-10-28",10081831,435716,10,9.2,"AMPARO","SP"
"194","2021-10-31",10090549,435716,10,9.7,"ALVORADA","RS"
"195","2021-10-31",10090549,435698,11,21.56,"ALVORADA","RS"
"196","2021-11-04",10110850,435728,150,99,"SAO JOSE","SC"
"197","2021-11-04",10110850,435725,100,78,"SAO JOSE","SC"
"198","2021-11-05",10117255,435719,20,18.2,"RIO DE JANEIRO","RJ"
"199","2021-11-06",10124044,435695,6,12.48,"MONGAGUA","SP"
"200","2021-11-08",10129483,435698,12,23.52,"SAO PAULO","SP"
"201","2021-11-09",10141114,435722,50,42,"BAURU","SP"
"202","2021-11-09",10142527,435695,5,9.9,"CAMPOS DOS GOYTACAZES","RJ"
"203","2021-11-11",10153165,435719,15,15,"TURVO","SC"
"204","2021-11-11",10153267,435722,50,47.5,"VÁRZEA GRANDE","MT"
"205","2021-11-12",10162717,435716,10,10.4,"AMPARO","SP"
"206","2021-11-13",10169461,435719,15,14.25,"PASSO FUNDO","RS"
"207","2021-11-16",10177570,435704,40,76,"LIMEIRA","SP"
"208","2021-11-17",10181689,435716,10,11,"DIADEMA","SP"
"209","2021-11-17",10181689,435716,10,11,"DIADEMA","SP"
"210","2021-11-17",10181689,435716,10,11,"DIADEMA","SP"
"211","2021-11-17",10189726,435722,30,28.5,"CAXIAS DO SUL","RS"
"212","2021-11-20",10206478,435695,5,11.5,"BAURU","SP"
"213","2021-11-22",10213615,435725,100,90,"SALVADOR","BA"
"214","2021-11-22",10214266,435728,160,120,"FLORIANOPOLIS","SC"
"215","2021-11-22",10214266,435728,161,120.75,"FLORIANOPOLIS","SC"
"216","2021-11-22",10214749,435728,150,112.5,"SINOP","MT"
"217","2021-11-23",10219396,435719,15,15,"OSASCO","SP"
"218","2021-11-23",10221316,435716,10,11,"CAMPINAS","SP"
"219","2021-11-25",10236958,435719,18,18,"CAMPINAS","SP"
"220","2021-11-27",10251139,435716,10,11,"DIADEMA","SP"
"221","2021-11-27",10251139,435716,10,11,"DIADEMA","SP"
"222","2021-11-27",10251139,435716,11,12.1,"DIADEMA","SP"
"223","2021-11-30",10262446,435713,5,6,"CURITIBA","PR"
"224","2021-11-30",10266802,435728,150,112.5,"SAO PAULO","SP"
"225","2021-12-01",10271764,435716,10,11,"CAMPINAS","SP"
"226","2021-12-01",10274548,435722,30,28.5,"COLOMBO","PR"
"227","2021-12-02",10282060,435716,14,14.56,"CURITIBA","PR"
"228","2021-12-08",10318543,435722,30,27.6,"GUARATUBA","PR"
"229","2021-12-09",10328410,435722,50,47.5,"VÁRZEA GRANDE","MT"
"230","2021-12-10",10331236,435716,10,11,"DIADEMA","SP"
"231","2021-12-10",10331236,435716,10,11,"DIADEMA","SP"
"232","2021-12-10",10331236,435716,10,11,"DIADEMA","SP"
"233","2021-12-10",10331236,435716,10,11,"DIADEMA","SP"
"234","2021-12-10",10331236,435716,10,11,"DIADEMA","SP"
"235","2021-12-10",10331236,435716,10,11,"DIADEMA","SP"
"236","2021-12-10",10331236,435716,10,11,"DIADEMA","SP"
"237","2021-12-10",10331236,435716,10,11,"DIADEMA","SP"
"238","2021-12-10",10331236,435716,10,11,"DIADEMA","SP"
"239","2021-12-10",10331236,435716,10,11,"DIADEMA","SP"
"240","2021-12-10",10331236,435716,10,11,"DIADEMA","SP"
"241","2021-12-10",10331236,435716,10,11,"DIADEMA","SP"
"242","2021-12-10",10331236,435716,12,13.2,"DIADEMA","SP"
"243","2021-12-10",10332355,435701,20,41,"SAO VICENTE","SP"
"244","2021-12-10",10335295,435722,61,57.95,"BRUSQUE","SC"
"245","2021-12-13",10339249,435725,104,65.52,"CAMPINAS","SP"
"246","2021-12-13",10345873,435716,10,11,"GUARAPUAVA","PR"
"247","2021-12-14",10347508,435713,5,6,"JESUITAS","PR"
"248","2021-12-14",10348258,435722,34,32.3,"COLOMBO","PR"
"249","2021-12-14",10351783,435716,10,11,"DIADEMA","SP"
"250","2021-12-14",10351783,435716,10,11,"DIADEMA","SP"
"251","2021-12-14",10351783,435716,10,11,"DIADEMA","SP"
"252","2021-12-15",10360234,435719,20,19,"IRACEMAPOLIS","SP"
"253","2021-12-15",10361554,435722,37,35.15,"EMBU DAS ARTES","SP"
"254","2021-12-15",10361554,435695,5,11.5,"EMBU DAS ARTES","SP"
"255","2021-12-16",10367020,435695,5,11.5,"CAMPOS DO JORDAO","SP"
"256","2021-12-17",10370614,435695,6,13.8,"CAJAMAR","SP"
"257","2021-12-20",10375027,435713,6,7.2,"SAO PAULO","SP"
"258","2021-12-20",10376131,435704,85,161.5,"SAO PAULO","SP"
"259","2021-12-20",10377484,435719,25,25,"SOROCABA","SP"
"260","2021-12-21",10382632,435713,8,9.6,"SOROCABA","SP"
"261","2021-12-21",10382698,435695,6,13.8,"CAJAMAR","SP"
"262","2021-12-21",10382947,435716,13,14.3,"SOROCABA","SP"
"263","2021-12-22",10388032,435722,32,28.8,"GUARULHOS","SP"
"264","2021-12-24",10391407,435722,65,58.5,"PASSO FUNDO","RS"
"265","2021-12-28",10394476,435704,37,70.3,"SAO PAULO","SP"
"266","2022-01-04",10404778,435713,9,10.26,"CAMPO LARGO","PR"
"267","2022-01-12",10443013,435722,38,36.1,"CURITIBA","PR"
"268","2022-01-12",10447888,435722,60,57,"BELEM","PA"
"269","2022-01-12",10448080,435719,25,23.75,"ABATIA","PR"
"270","2022-01-13",10454995,435722,30,28.5,"DIADEMA","SP"
"271","2022-01-13",10455682,435728,173,129.75,"TURVO","SC"
"272","2022-01-16",10463128,435713,5,6,"CURITIBA","PR"
"273","2022-01-18",10474981,435719,16,16,"JUÍNA","MT"
"274","2022-01-21",10492762,435707,100,175,"CIANORTE","PR"
"275","2022-01-22",10497805,435713,5,6,"DIADEMA","SP"
"276","2022-01-25",10508425,435713,5,6,"RIO DE JANEIRO","RJ"
"277","2022-01-27",10522273,435725,120,108,"TURVO","SC"
"278","2022-02-03",10554745,435719,20,24,"CURITIBA","PR"
"279","2022-02-03",10558066,435701,22,52.8,"SAO PAULO","SP"
"280","2022-02-07",10569550,435716,12,15.6,"SAO PAULO","SP"
"281","2022-02-13",10603774,435725,100,105,"DIADEMA","SP"
"282","2022-02-13",10603780,435713,5,7,"SANTA MARIA","RS"
"283","2022-02-14",10604998,435695,5,13.25,"JESUITAS","PR"
"284","2022-02-16",10620970,435719,15,18,"SAO VICENTE","SP"
"285","2021-04-03",3073696,435716,14,11.48,"PARANAGUA","PR"
"286","2021-04-10",3080389,435716,10,8.2,"CASCAVEL","PR"
"287","2021-04-22",3092641,435719,17,16.83,"CASCAVEL","PR"
"288","2021-04-23",3094576,435695,5,9.95,"PARANAGUA","PR"
"289","2021-05-03",3104422,435719,21,20.79,"PRESIDENTE PRUDENTE","SP"
"290","2021-05-03",3105046,435719,25,24.75,"FLORIANOPOLIS","SC"
"291","2021-05-13",3117196,435716,11,10.89,"SAO PAULO","SP"
"292","2021-05-17",3120292,435719,20,19.8,"PARANAGUA","PR"
"293","2021-05-19",3124183,435695,5,9.95,"SAO PAULO","SP"
"294","2021-05-19",3124291,435713,8,7.92,"NAVEGANTES","SC"
"295","2021-05-20",3125599,435713,9,8.91,"SCHROEDER","SC"
"296","2021-05-25",3131185,435716,10,9.9,"SAO PAULO","SP"
"297","2021-06-05",3143674,435719,28,27.72,"SAO PAULO","SP"
"298","2021-06-18",3159367,435716,10,9.9,"SAO PAULO","SP"
"299","2021-06-18",3159367,435725,100,99,"SAO PAULO","SP"
"300","2021-06-18",3159367,435698,10,19.9,"SAO PAULO","SP"
"301","2021-06-21",3161920,435719,25,24.75,"SAO PAULO","SP"
"302","2021-07-14",3190387,435719,21,20.79,"PRESIDENTE PRUDENTE","SP"
"303","2021-07-19",3194848,435716,10,9.9,"SAO PAULO","SP"
"304","2021-08-03",3214405,435716,10,9.9,"PRESIDENTE PRUDENTE","SP"
"305","2021-08-03",3214405,435719,20,19.8,"PRESIDENTE PRUDENTE","SP"
"306","2021-08-03",3214405,435719,20,19.8,"PRESIDENTE PRUDENTE","SP"
"307","2021-08-12",3226279,435695,5,9.95,"CAMPO MOURAO","PR"
"308","2021-08-14",3227974,435716,10,9.9,"SAO PAULO","SP"
"309","2021-08-16",3229333,435722,60,59.4,"SAO PAULO","SP"
"310","2021-08-17",3231271,435719,20,19.8,"SAO PAULO","SP"
"311","2021-08-17",3231949,435713,5,4.95,"ROSEIRA","SP"
"312","2021-08-21",3236761,435695,5,10.25,"SAO PAULO","SP"
"313","2021-08-25",3242221,435719,26,26.52,"PRESIDENTE PRUDENTE","SP"
"314","2021-08-28",3245617,435719,16,16.32,"PRESIDENTE PRUDENTE","SP"
"315","2021-08-31",3249109,435719,20,20.4,"PRESIDENTE PRUDENTE","SP"
"316","2021-09-01",3250696,435722,50,51,"DIADEMA","SP"
"317","2021-09-09",3258010,435695,9,18.45,"PASSO FUNDO","RS"
"318","2021-09-09",3258037,435722,34,34.68,"SAO PAULO","SP"
"319","2021-09-11",3260494,435719,25,25.5,"PRESIDENTE PRUDENTE","SP"
"320","2021-09-11",3260494,435722,30,30.6,"PRESIDENTE PRUDENTE","SP"
"321","2021-09-13",3261892,435722,30,30.6,"PRESIDENTE PRUDENTE","SP"
"322","2021-09-13",3261892,435719,20,20.4,"PRESIDENTE PRUDENTE","SP"
"323","2021-09-15",3264745,435713,6,6.12,"PRESIDENTE PRUDENTE","SP"
"324","2021-09-15",3264745,435716,10,10.2,"PRESIDENTE PRUDENTE","SP"
"325","2021-09-16",3266077,435719,22,22.44,"PRESIDENTE PRUDENTE","SP"
"326","2021-09-16",3266077,435719,22,22.44,"PRESIDENTE PRUDENTE","SP"
"327","2021-09-16",3267532,435722,31,31.62,"PRESIDENTE PRUDENTE","SP"
"328","2021-09-20",3271063,435719,25,25.5,"PRESIDENTE PRUDENTE","SP"
"329","2021-09-27",3279313,435719,20,20.4,"PARANAGUA","PR"
"330","2021-10-03",3287056,435719,20,20.4,"PRESIDENTE PRUDENTE","SP"
"331","2021-10-05",3290578,435722,30,35.1,"PRESIDENTE PRUDENTE","SP"
"332","2021-10-05",3290578,435719,25,29.25,"PRESIDENTE PRUDENTE","SP"
"333","2021-10-07",3293905,435719,25,29.25,"PRESIDENTE PRUDENTE","SP"
"334","2021-10-10",3295747,435722,30,35.1,"PRESIDENTE PRUDENTE","SP"
"335","2021-10-11",3297031,435722,30,35.1,"PRESIDENTE PRUDENTE","SP"
"336","2021-10-21",3309490,435716,11,12.87,"PRESIDENTE PRUDENTE","SP"
"337","2021-10-27",3316375,435719,26,30.42,"PRESIDENTE PRUDENTE","SP"
"338","2021-10-28",3317635,435719,21,24.57,"PRESIDENTE PRUDENTE","SP"
"339","2021-10-28",3318286,435719,21,24.57,"PRESIDENTE PRUDENTE","SP"
"340","2021-10-29",3318865,435719,23,26.91,"PRESIDENTE PRUDENTE","SP"
"341","2021-11-01",3321613,435719,17,19.89,"SAO PAULO","SP"
"342","2021-11-09",3329512,435719,20,23.4,"PRESIDENTE PRUDENTE","SP"
"343","2021-11-09",3329512,435719,26,30.42,"PRESIDENTE PRUDENTE","SP"
"344","2021-11-11",3335251,435719,15,19.5,"PRESIDENTE PRUDENTE","SP"
"345","2021-11-22",3345574,435722,33,42.9,"ITAJAI","SC"
"346","2021-12-01",3358720,435719,25,32.5,"PRESIDENTE PRUDENTE","SP"
"347","2021-12-04",3361966,435722,30,39,"PRESIDENTE PRUDENTE","SP"
"348","2021-12-04",3361966,435719,15,19.5,"PRESIDENTE PRUDENTE","SP"
"349","2021-12-08",3367669,435719,25,32.5,"PRESIDENTE PRUDENTE","SP"
"350","2021-12-14",3374209,435719,15,19.5,"PRESIDENTE PRUDENTE","SP"
"351","2021-12-14",3374209,435719,15,19.5,"PRESIDENTE PRUDENTE","SP"
"352","2021-12-14",3374209,435719,15,19.5,"PRESIDENTE PRUDENTE","SP"
"353","2021-12-16",3376873,435719,15,19.5,"PRESIDENTE PRUDENTE","SP"
"354","2021-12-16",3376873,435719,25,32.5,"PRESIDENTE PRUDENTE","SP"
"355","2021-12-22",3382090,435719,20,26,"PRESIDENTE PRUDENTE","SP"
"356","2021-12-22",3382090,435719,20,26,"PRESIDENTE PRUDENTE","SP"
"357","2021-12-28",3384127,435719,25,25,"PRESIDENTE PRUDENTE","SP"
"358","2021-12-31",3385018,435719,20,20,"PRESIDENTE PRUDENTE","SP"
"359","2021-12-31",3385018,435719,20,20,"PRESIDENTE PRUDENTE","SP"
"360","2021-12-31",3385018,435719,25,25,"PRESIDENTE PRUDENTE","SP"
"361","2022-01-03",3385324,435719,23,23,"NOVA BRASILANDIA D'OESTE","RO"
"362","2022-01-04",3386614,435719,15,15,"PRESIDENTE PRUDENTE","SP"
"363","2022-01-04",3386614,435719,15,15,"PRESIDENTE PRUDENTE","SP"
"364","2022-01-05",3388012,435719,25,25,"PRESIDENTE PRUDENTE","SP"
"365","2022-01-05",3388012,435719,25,25,"PRESIDENTE PRUDENTE","SP"
"366","2022-01-08",3390430,435719,25,25,"PRESIDENTE PRUDENTE","SP"
"367","2022-01-08",3390430,435719,15,15,"PRESIDENTE PRUDENTE","SP"
"368","2022-01-11",3392689,435716,10,11,"PARANAGUA","PR"
"369","2022-01-13",3395533,435719,20,20,"PRESIDENTE PRUDENTE","SP"
"370","2022-01-13",3395533,435713,5,6,"PRESIDENTE PRUDENTE","SP"
"371","2022-01-17",3398116,435719,20,20,"PRESIDENTE PRUDENTE","SP"
"372","2022-01-18",3399748,435722,30,28.5,"MARILIA","SP"
"373","2022-01-18",3399781,435719,15,15,"PRESIDENTE PRUDENTE","SP"
"374","2022-01-22",3404710,435713,5,6,"PRESIDENTE PRUDENTE","SP"
"375","2022-02-02",3415783,435695,5,13.25,"PRESIDENTE PRUDENTE","SP"
"376","2022-02-04",3418276,435722,30,33,"PRESIDENTE PRUDENTE","SP"
"377","2022-02-09",3422254,435719,20,24,"PRESIDENTE PRUDENTE","SP"
"378","2022-02-10",3423295,435716,10,13,"PRESIDENTE PRUDENTE","SP"
"379","2022-02-10",3424111,435722,30,33,"PRESIDENTE PRUDENTE","SP"
"380","2022-02-13",3425572,435722,35,38.5,"PRESIDENTE PRUDENTE","SP"
"381","2022-02-14",3426958,435722,30,33,"ITAUNA","MG"
"382","2021-05-05",1955950,435695,5,8.8,"SAO PAULO","SP"
"383","2021-06-18",1987675,435695,5,8.8,"VARZEA PAULISTA","SP"
"384","2021-06-21",1988305,435722,50,35.5,"NATAL","RN"
"385","2021-06-21",1988305,435722,50,35.5,"NATAL","RN"
"386","2021-07-06",1999699,435719,29,22.33,"SAO PAULO","SP"
"387","2021-07-22",2012515,435722,38,26.98,"RIO DE JANEIRO","RJ"
"388","2021-08-11",2026600,435728,199,109.45,"SAO PAULO","SP"
"389","2021-08-18",2032618,435713,5,4.4,"SUZANO","SP"
"390","2021-09-06",2046361,435713,7,6.37,"SOROCABA","SP"
"391","2021-09-27",2062381,435713,8,7.28,"DUQUE DE CAXIAS","RJ"
"392","2022-02-15",2151202,435713,5,7,"UBATUBA","SP"
"393","2021-03-24",376774,435698,10,15,"TERESOPOLIS","RJ"
"394","2021-03-24",376774,435716,10,7.5,"TERESOPOLIS","RJ"
"395","2021-04-09",379780,435713,5,4,"GUARULHOS","SP"
"396","2021-05-05",385174,435704,50,99.5,"RIO DE JANEIRO","RJ"
"397","2021-09-20",417334,435713,9,9.18,"RIO DE JANEIRO","RJ"
"398","2021-09-20",417334,435713,9,9.18,"RIO DE JANEIRO","RJ"
"399","2021-09-20",417334,435713,9,9.18,"RIO DE JANEIRO","RJ"
"400","2021-09-20",417334,435713,9,9.18,"RIO DE JANEIRO","RJ"
"401","2021-10-06",421267,435713,5,5.85,"ARCOVERDE","PE"
"402","2021-10-06",421267,435713,5,5.85,"ARCOVERDE","PE"
"403","2021-10-28",426031,435716,10,11.7,"ARCOVERDE","PE"
"404","2021-10-28",426031,435716,10,11.7,"ARCOVERDE","PE"
"405","2021-10-28",426031,435716,10,11.7,"ARCOVERDE","PE"
"406","2021-10-28",426031,435716,10,11.7,"ARCOVERDE","PE"
"407","2021-10-28",426031,435716,10,11.7,"ARCOVERDE","PE"
"408","2021-10-28",426031,435716,10,11.7,"ARCOVERDE","PE"
"409","2021-10-28",426031,435698,12,28.32,"ARCOVERDE","PE"
"410","2021-10-28",426031,435698,12,28.32,"ARCOVERDE","PE"
"411","2021-10-28",426031,435698,12,28.32,"ARCOVERDE","PE"
"412","2021-10-28",426031,435698,12,28.32,"ARCOVERDE","PE"
"413","2021-10-28",426031,435698,12,28.32,"ARCOVERDE","PE"
"414","2021-11-19",430981,435722,40,52,"DOM ELISEU","PA"
"415","2021-11-30",433441,435716,10,13,"DOM ELISEU","PA"
"416","2022-01-08",439528,435698,14,30.8,"ALTA FLORESTA","MT"
"417","2022-02-16",446608,435725,100,105,"IGUABA GRANDE","RJ"
